{
  "tests/test_cli.py": 1776476699.86549,
  "inventree_part_import/retries.py": 1776476699.8640833,
  "inventree_part_import/part_importer.py": 1776476699.8639696,
  "inventree_part_import/categories.py": 1776476699.8627675,
  "inventree_part_import/__init__.py": 1776476699.8625288,
  "inventree_part_import/localization.py": 1776476699.8638196,
  "inventree_part_import/cli.py": 1776476699.8630517,
  "inventree_part_import/exceptions.py": 1776476699.8635645,
  "inventree_part_import/inventree_helpers.py": 1776476699.8637323,
  "inventree_part_import/__main__.py": 1776476699.8626156,
  "inventree_part_import/suppliers/supplier_digikey.py": 1776476699.864624,
  "inventree_part_import/suppliers/supplier_lcsc.py": 1776476699.8647597,
  "inventree_part_import/suppliers/__init__.py": 1776476699.8643203,
  "inventree_part_import/suppliers/supplier_tme.py": 1776476699.8651705,
  "inventree_part_import/suppliers/supplier_mouser.py": 1776476699.864912,
  "inventree_part_import/suppliers/supplier_reichelt.py": 1776476699.8650618,
  "inventree_part_import/suppliers/base.py": 1776476699.864483,
  "inventree_part_import/config/__init__.py": 1776476699.8632536,
  "README.md": 1776476699.8622026
}